"Time (s)";"Latitude (°)";"Longitude (°)";"Height (m)";"Velocity (m/s)";"Direction (°)";"Horizontal Accuracy (m)";"Vertical Accuracy (m)"
0.000000000E0;5.106165490E1;1.375979290E1;1.190299781E2;NaN;NaN;5.076599884E1;1.242851734E1
0.000000000E0;5.106173610E1;1.375974290E1;1.158301677E2;NaN;NaN;2.071999931E1;1.900103927E0
7.544105680E-1;5.106171660E1;1.375974120E1;1.158301115E2;NaN;NaN;2.132099915E1;1.784938574E0
1.388699464E0;5.106171660E1;1.375974120E1;1.158301115E2;NaN;NaN;2.575899887E1;2.672538519E0
3.062918906E0;5.106162877E1;1.375956905E1;1.165597511E2;2.881577730E0;2.218511200E2;9.012184143E0;1.334825802E1
4.079553632E0;5.106164457E1;1.375951765E1;1.170542736E2;3.042740583E0;2.155083923E2;9.599371910E0;1.649075508E1
5.102576866E0;5.106163537E1;1.375947166E1;1.162818362E2;3.073744535E0;2.118751831E2;7.842639923E0;1.385686588E1
6.081649051E0;5.106161108E1;1.375944557E1;1.159660998E2;3.270250797E0;2.137530975E2;6.516292572E0;9.754813194E0
7.118931563E0;5.106158641E1;1.375941841E1;1.159534939E2;3.708959341E0;2.196085663E2;3.466736984E1;5.887439728E1
8.092773930E0;5.106156138E1;1.375935537E1;1.120762536E2;3.780207396E0;2.183753967E2;5.474757195E0;7.200638771E0
9.137498865E0;5.106153955E1;1.375930333E1;1.139774021E2;3.726763010E0;2.243806458E2;3.435057163E0;4.695030212E0
1.023146648E1;5.106151406E1;1.375925239E1;1.137924020E2;4.241626740E0;2.396339569E2;2.862807512E0;3.737856627E0
1.124289930E1;5.106149488E1;1.375919324E1;1.135837104E2;4.507988930E0;2.395646210E2;2.445355415E0;3.042649746E0
1.216685757E1;5.106147292E1;1.375913172E1;1.131978924E2;4.927710533E0;2.387923431E2;2.177173138E0;3.000000000E0
1.316672557E1;5.106144588E1;1.375906353E1;1.132992869E2;5.632595062E0;2.390150604E2;2.059240341E0;3.000000000E0
1.416676357E1;5.106141742E1;1.375898670E1;1.132815277E2;6.165208817E0;2.377630615E2;1.940567732E0;3.000000000E0
1.516677457E1;5.106138643E1;1.375890915E1;1.130373431E2;6.216078758E0;2.358424988E2;1.926473737E0;3.000000000E0
1.616683257E1;5.106135388E1;1.375883294E1;1.133014835E2;6.871321678E0;2.359913483E2;1.872113705E0;3.000000000E0
1.716681757E1;5.106131837E1;1.375875216E1;1.133406621E2;6.619239807E0;2.331542511E2;1.875693321E0;3.000000000E0
1.816683357E1;5.106128200E1;1.375867776E1;1.134407962E2;6.494617939E0;2.294528503E2;1.844484329E0;3.000000000E0
1.916684757E1;5.106124292E1;1.375860809E1;1.130311291E2;6.613784790E0;2.327795715E2;4.454408169E0;3.000000000E0
2.016691957E1;5.106120593E1;1.375853116E1;1.126508825E2;6.762206078E0;2.353824463E2;6.179167747E0;3.000000000E0
2.116687557E1;5.106117092E1;1.375845358E1;1.126825236E2;6.697690487E0;2.379298096E2;5.356627464E0;3.000000000E0
2.216689757E1;5.106114157E1;1.375837159E1;1.124523493E2;6.405139923E0;2.392504272E2;4.154090405E0;3.000000000E0
2.316693557E1;5.106111026E1;1.375829084E1;1.123509952E2;6.794847965E0;2.387044830E2;4.451778889E0;3.000000000E0
2.416695057E1;5.106108036E1;1.375820981E1;1.124923053E2;6.589993954E0;2.370208435E2;4.471793175E0;3.000000000E0
2.516695757E1;5.106104920E1;1.375812811E1;1.125368166E2;6.646385193E0;2.378038330E2;4.567735672E0;3.000000000E0
2.616699457E1;5.106101459E1;1.375804859E1;1.126813594E2;6.790788651E0;2.362540283E2;4.697086334E0;3.000000000E0
2.716701457E1;5.106098208E1;1.375796810E1;1.126680838E2;6.615479946E0;2.384216614E2;4.453921318E0;3.000000000E0
2.816704557E1;5.106095097E1;1.375788805E1;1.126217406E2;6.571606159E0;2.386500549E2;4.472046852E0;3.000000000E0
2.916702457E1;5.106092102E1;1.375780486E1;1.127675672E2;6.618877888E0;2.389045258E2;4.472110748E0;3.000000000E0
3.016705957E1;5.106089022E1;1.375772425E1;1.128451021E2;6.239124298E0;2.384854279E2;4.518688202E0;3.000000000E0
3.116709957E1;5.106085891E1;1.375764585E1;1.129857618E2;6.386800289E0;2.376266785E2;5.255164623E0;3.000000000E0
3.216749557E1;5.106082879E1;1.375756791E1;1.131059422E2;6.288033009E0;2.377796478E2;4.518813133E0;3.000000000E0
3.316713357E1;5.106079835E1;1.375749229E1;1.131758440E2;5.920825958E0;2.375423431E2;4.398477554E0;3.000000000E0
3.416715157E1;5.106076676E1;1.375741878E1;1.133602216E2;6.024125576E0;2.363786469E2;4.472424507E0;3.000000000E0
3.516715157E1;5.106073378E1;1.375734622E1;1.134217976E2;5.804309845E0;2.335736694E2;4.518999100E0;3.000000000E0
3.616718457E1;5.106070188E1;1.375727335E1;1.134751490E2;6.071964741E0;2.350549469E2;4.519060135E0;3.000000000E0
3.716719157E1;5.106067287E1;1.375719551E1;1.134334171E2;6.202147007E0;2.394287567E2;4.595603466E0;3.000000000E0
3.816723557E1;5.106064234E1;1.375711978E1;1.133596575E2;6.131988049E0;2.367540283E2;4.745390415E0;3.000000000E0
3.916723257E1;5.106061032E1;1.375704404E1;1.132910194E2;6.256466389E0;2.355136871E2;5.261559010E0;3.000000000E0
4.016725957E1;5.106057850E1;1.375696862E1;1.131318876E2;6.267036438E0;2.367035370E2;4.802314281E0;3.000000000E0
4.116725457E1;5.106054695E1;1.375689110E1;1.130738504E2;6.287717819E0;2.380543518E2;5.164291382E0;3.000000000E0
4.216730057E1;5.106051425E1;1.375681534E1;1.130519880E2;6.352023602E0;2.359171600E2;6.068799019E0;3.000000000E0
4.316740357E1;5.106048494E1;1.375674474E1;1.132054767E2;6.045459747E0;2.368175201E2;4.453228474E0;3.000000000E0
4.416733957E1;5.106045461E1;1.375667792E1;1.134072598E2;6.151578903E0;2.380259705E2;4.453299046E0;3.000000000E0
4.516733357E1;5.106042062E1;1.375660136E1;1.136974712E2;5.799731255E0;2.363177490E2;4.453370094E0;3.000000000E0
4.616737657E1;5.106038449E1;1.375652620E1;1.137728904E2;5.765881062E0;2.341821289E2;4.453440666E0;3.000000000E0
4.716739157E1;5.106034890E1;1.375645048E1;1.137858110E2;5.888435364E0;2.398715668E2;4.453511715E0;3.000000000E0
4.816744157E1;5.106031866E1;1.375637043E1;1.139295659E2;6.097571373E0;2.433460083E2;4.453583241E0;3.000000000E0
4.916742057E1;5.106029044E1;1.375628251E1;1.137999533E2;6.026177406E0;2.441782532E2;4.453654289E0;3.000000000E0
5.016745257E1;5.106026131E1;1.375619807E1;1.138584148E2;5.949310780E0;2.453754425E2;4.453725338E0;3.000000000E0
5.116748057E1;5.106023382E1;1.375611101E1;1.140595807E2;6.048567772E0;2.470556488E2;4.519973278E0;3.000000000E0
5.216749057E1;5.106021046E1;1.375602351E1;1.141308886E2;6.057662487E0;2.492017975E2;5.186260223E0;3.000000000E0
5.316748257E1;5.106019047E1;1.375593910E1;1.141336257E2;6.341030598E0;2.491026306E2;4.453936577E0;3.000000000E0
5.416751757E1;5.106017224E1;1.375584924E1;1.139739527E2;6.365639687E0;2.445543823E2;4.454008102E0;3.000000000E0
5.516752857E1;5.106014344E1;1.375576612E1;1.140198532E2;6.534493923E0;2.398230743E2;4.520213127E0;3.000000000E0
5.616754257E1;5.106010988E1;1.375568068E1;1.138261000E2;6.538391113E0;2.389867096E2;4.457146168E0;3.000000000E0
5.716770957E1;5.106007473E1;1.375559530E1;1.140312337E2;6.693373680E0;2.375144196E2;4.454217911E0;3.000000000E0
5.816760657E1;5.106003623E1;1.375551493E1;1.137105740E2;6.555500031E0;2.380596924E2;4.454288006E0;3.000000000E0
5.916760457E1;5.106000196E1;1.375543266E1;1.135547522E2;6.593487263E0;2.397906799E2;4.454358101E0;3.000000000E0
6.016765157E1;5.105996988E1;1.375535584E1;1.135489274E2;6.408951759E0;2.400794525E2;4.454428196E0;3.000000000E0
6.116766257E1;5.105993810E1;1.375527437E1;1.135210155E2;6.546024799E0;2.401886292E2;4.454497337E0;3.000000000E0
6.216766357E1;5.105990152E1;1.375517736E1;1.135273991E2;6.627931118E0;2.410633850E2;4.454566956E0;3.000000000E0
6.316770557E1;5.105987001E1;1.375509470E1;1.134610954E2;6.772069931E0;2.409377899E2;4.454637051E0;3.000000000E0
6.416770257E1;5.105983628E1;1.375500941E1;1.133120598E2;6.794826508E0;2.402613831E2;4.454706192E0;3.000000000E0
6.516773257E1;5.105980235E1;1.375492118E1;1.132736193E2;6.656311035E0;2.401279297E2;4.454775333E0;3.000000000E0
6.616774157E1;5.105976857E1;1.375482848E1;1.133060788E2;6.593892574E0;2.410111237E2;4.454844475E0;3.000000000E0
6.716777657E1;5.105973572E1;1.375473955E1;1.130730581E2;6.617019653E0;2.387305145E2;4.454913139E0;3.000000000E0
6.816779357E1;5.105970460E1;1.375466009E1;1.129275939E2;6.654326439E0;2.380026093E2;4.454982758E0;3.000000000E0
6.916779957E1;5.105967230E1;1.375457827E1;1.126936088E2;6.637163639E0;2.379726410E2;4.455051899E0;3.000000000E0
7.016782457E1;5.105964084E1;1.375449676E1;1.125854590E2;6.656750679E0;2.387069397E2;4.455120087E0;3.000000000E0
7.116782957E1;5.105960777E1;1.375441460E1;1.126385272E2;6.604435921E0;2.391015320E2;4.455188751E0;3.000000000E0
7.216787657E1;5.105957443E1;1.375432909E1;1.127064200E2;6.595543861E0;2.387949982E2;4.455257416E0;3.000000000E0
7.316788057E1;5.105954325E1;1.375424407E1;1.128804183E2;6.597826958E0;2.398300934E2;4.455326080E0;3.000000000E0
7.416790257E1;5.105951374E1;1.375415687E1;1.130751059E2;6.642105103E0;2.406803741E2;4.455394268E0;3.000000000E0
7.516794257E1;5.105948166E1;1.375407396E1;1.132665671E2;6.601209164E0;2.389567566E2;5.305248260E0;3.000000000E0
7.616793357E1;5.105944667E1;1.375399268E1;1.136432074E2;6.417265892E0;2.386299286E2;4.455530643E0;3.000000000E0
7.716795457E1;5.105941338E1;1.375391337E1;1.135635528E2;6.304083347E0;2.386834412E2;4.455597878E0;3.000000000E0
7.816797057E1;5.105938146E1;1.375383356E1;1.134612910E2;6.530434132E0;2.373983917E2;4.455665588E0;3.000000000E0
7.916805157E1;5.105934631E1;1.375374799E1;1.135286589E2;6.610738277E0;2.385361023E2;4.455733776E0;3.000000000E0
8.016803357E1;5.105931452E1;1.375366751E1;1.136049906E2;6.451792240E0;2.384243317E2;4.458705902E0;3.000000000E0
8.116804857E1;5.105928314E1;1.375358660E1;1.138776010E2;6.065911293E0;2.391185608E2;4.455869198E0;3.000000000E0
8.216804957E1;5.105925667E1;1.375351548E1;1.137322237E2;5.635148525E0;2.407766876E2;4.500385284E0;3.000000000E0
8.316806557E1;5.105923350E1;1.375344853E1;1.137645547E2;5.419531822E0;2.402914429E2;5.264530182E0;3.000000000E0
8.416810357E1;5.105920956E1;1.375337834E1;1.136026502E2;5.327660084E0;2.378383026E2;4.477805614E0;3.000000000E0
8.516813657E1;5.105918516E1;1.375331151E1;1.133778189E2;4.953487396E0;2.395713654E2;4.477812290E0;3.000000000E0
8.616812957E1;5.105916360E1;1.375324720E1;1.132801632E2;4.493064880E0;2.436681671E2;4.456205368E0;3.000000000E0
8.716816857E1;5.105914619E1;1.375319991E1;1.133191661E2;3.238160133E0;2.434951172E2;4.612520218E0;3.000000000E0
8.816822957E1;5.105913860E1;1.375317519E1;1.136439383E2;1.377213597E0;2.416732635E2;4.601141453E0;3.000000000E0
8.916820557E1;5.105913551E1;1.375316480E1;1.136377582E2;6.572886705E-1;2.416732635E2;4.569682121E0;3.000000000E0
9.016821857E1;5.105914180E1;1.375315500E1;1.130720547E2;1.475790024E0;3.285832520E2;4.569706917E0;3.000000000E0
9.116822957E1;5.105915369E1;1.375313735E1;1.126005208E2;1.394877791E0;3.291615601E2;4.350233555E0;3.000000000E0
9.216826357E1;5.105915863E1;1.375312559E1;1.123248246E2;5.130633712E-1;3.291615601E2;4.543466091E0;3.000000000E0
9.316827457E1;5.105915485E1;1.375311875E1;1.124995908E2;3.625798225E-1;3.291615601E2;4.543554306E0;3.000000000E0
9.416830457E1;5.105914521E1;1.375311966E1;1.129862897E2;0.000000000E0;3.291615601E2;4.543640614E0;3.000000000E0
9.516851857E1;5.105914521E1;1.375311966E1;1.130368903E2;0.000000000E0;3.291615601E2;4.543727875E0;3.000000000E0
9.616832457E1;5.105914521E1;1.375311966E1;1.130088607E2;0.000000000E0;3.291615601E2;4.543814182E0;3.000000000E0
9.716836157E1;5.105914521E1;1.375311966E1;1.130820458E2;0.000000000E0;3.291615601E2;4.697580814E0;3.000000000E0
9.816837757E1;5.105914521E1;1.375311966E1;1.130049199E2;0.000000000E0;3.291615601E2;4.543987274E0;3.000000000E0
9.916840057E1;5.105914521E1;1.375311966E1;1.130070559E2;0.000000000E0;3.291615601E2;4.544074059E0;3.000000000E0
1.001684276E2;5.105914521E1;1.375311966E1;1.129693389E2;0.000000000E0;3.291615601E2;4.544160366E0;3.000000000E0
1.011685186E2;5.105914521E1;1.375311966E1;1.128365279E2;0.000000000E0;3.291615601E2;4.544247627E0;3.000000000E0
1.021684466E2;5.105914521E1;1.375311966E1;1.126935322E2;0.000000000E0;3.291615601E2;4.698596954E0;3.000000000E0
1.031684796E2;5.105914521E1;1.375311966E1;1.127360118E2;0.000000000E0;3.291615601E2;4.698801517E0;3.000000000E0
1.041684846E2;5.105914521E1;1.375311966E1;1.127123191E2;0.000000000E0;3.291615601E2;6.093175411E0;3.000000000E0
1.051685156E2;5.105914521E1;1.375311966E1;1.126812782E2;0.000000000E0;3.291615601E2;6.093449593E0;3.000000000E0
1.061685286E2;5.105914521E1;1.375311966E1;1.126391009E2;0.000000000E0;3.291615601E2;4.699412346E0;3.000000000E0
1.071685516E2;5.105914521E1;1.375311966E1;1.126058333E2;0.000000000E0;3.291615601E2;4.699614525E0;3.000000000E0
1.081685876E2;5.105914521E1;1.375311966E1;1.125795339E2;0.000000000E0;3.291615601E2;6.094270229E0;3.000000000E0
1.091685856E2;5.105914521E1;1.375311966E1;1.125274972E2;0.000000000E0;3.291615601E2;4.700022697E0;3.000000000E0
1.101686406E2;5.105914521E1;1.375311966E1;1.125418675E2;0.000000000E0;3.291615601E2;4.700226784E0;3.000000000E0
1.111686296E2;5.105914521E1;1.375311966E1;1.125350085E2;0.000000000E0;3.291615601E2;4.545108795E0;3.000000000E0
1.121686556E2;5.105914521E1;1.375311966E1;1.126069945E2;0.000000000E0;3.291615601E2;4.700632095E0;3.000000000E0
1.131686636E2;5.105914521E1;1.375311966E1;1.127026348E2;0.000000000E0;3.291615601E2;4.700836182E0;3.000000000E0
1.141687146E2;5.105914521E1;1.375311966E1;1.128342316E2;0.000000000E0;3.291615601E2;4.701039314E0;3.000000000E0
1.151687106E2;5.105914521E1;1.375311966E1;1.128921302E2;0.000000000E0;3.291615601E2;5.135946751E0;3.000000000E0
1.161687426E2;5.105914521E1;1.375311966E1;1.128977768E2;0.000000000E0;3.291615601E2;5.135984421E0;3.000000000E0
1.171687476E2;5.105914521E1;1.375311966E1;1.128734182E2;0.000000000E0;3.291615601E2;5.136022568E0;3.000000000E0
1.181687806E2;5.105914521E1;1.375311966E1;1.128248007E2;0.000000000E0;3.291615601E2;5.136064529E0;3.000000000E0
1.191688256E2;5.105914521E1;1.375311966E1;1.127447676E2;0.000000000E0;3.291615601E2;4.702056885E0;3.000000000E0
1.201688086E2;5.105914521E1;1.375311966E1;1.127269729E2;0.000000000E0;3.291615601E2;4.702261925E0;3.000000000E0
1.211688576E2;5.105914521E1;1.375311966E1;1.126861410E2;0.000000000E0;3.291615601E2;4.702463627E0;3.000000000E0
1.221688556E2;5.105914521E1;1.375311966E1;1.126388707E2;0.000000000E0;3.291615601E2;4.702669144E0;3.000000000E0
1.231688646E2;5.105914521E1;1.375311966E1;1.125782166E2;0.000000000E0;3.291615601E2;4.702872276E0;3.000000000E0
1.241689026E2;5.105914521E1;1.375311966E1;1.124803946E2;0.000000000E0;3.291615601E2;4.703074455E0;3.000000000E0
1.251689376E2;5.105914521E1;1.375311966E1;1.124646794E2;0.000000000E0;3.291615601E2;4.703280449E0;3.000000000E0
1.261689566E2;5.105914521E1;1.375311966E1;1.124015847E2;0.000000000E0;3.291615601E2;4.703483105E0;3.000000000E0
1.271689706E2;5.105914521E1;1.375311966E1;1.123482297E2;0.000000000E0;3.291615601E2;4.703685284E0;3.000000000E0
1.281689816E2;5.105914521E1;1.375311966E1;1.123226157E2;0.000000000E0;3.291615601E2;4.703889847E0;3.000000000E0
1.291690206E2;5.105914521E1;1.375311966E1;1.122696772E2;0.000000000E0;3.291615601E2;4.704092979E0;3.000000000E0
1.301692496E2;5.105914521E1;1.375311966E1;1.122631459E2;0.000000000E0;3.291615601E2;4.704297066E0;3.000000000E0
1.311690506E2;5.105914521E1;1.375311966E1;1.122571037E2;0.000000000E0;3.291615601E2;4.704499722E0;3.000000000E0
1.321690606E2;5.105914521E1;1.375311966E1;1.121699304E2;0.000000000E0;3.291615601E2;4.704704285E0;3.000000000E0
1.331691256E2;5.105914521E1;1.375311966E1;1.121664497E2;0.000000000E0;3.291615601E2;4.704907417E0;3.000000000E0
1.341695586E2;5.105914521E1;1.375311966E1;1.121393980E2;0.000000000E0;3.291615601E2;4.705110550E0;3.000000000E0
1.351690976E2;5.105914521E1;1.375311966E1;1.120572068E2;0.000000000E0;3.291615601E2;4.705312729E0;3.000000000E0
1.361691946E2;5.105914521E1;1.375311966E1;1.119494062E2;0.000000000E0;3.291615601E2;4.705517769E0;3.000000000E0
1.371691656E2;5.105914521E1;1.375311966E1;1.118775984E2;0.000000000E0;3.291615601E2;4.705721855E0;3.000000000E0
1.381691786E2;5.105914521E1;1.375311966E1;1.118223096E2;0.000000000E0;3.291615601E2;4.705924034E0;3.000000000E0
1.391692116E2;5.105914521E1;1.375311966E1;1.117385200E2;0.000000000E0;3.291615601E2;5.136856556E0;3.000000000E0
1.401692146E2;5.105914521E1;1.375311966E1;1.117062120E2;0.000000000E0;3.291615601E2;4.711766720E0;3.000000000E0
1.411692346E2;5.105914521E1;1.375311966E1;1.116983452E2;0.000000000E0;3.291615601E2;4.727231026E0;3.000000000E0
1.421692456E2;5.105914521E1;1.375311966E1;1.116610991E2;0.000000000E0;3.291615601E2;4.727325916E0;3.000000000E0
1.431692936E2;5.105914521E1;1.375311966E1;1.116263601E2;0.000000000E0;3.291615601E2;4.727420330E0;3.000000000E0
1.441693956E2;5.105914521E1;1.375311966E1;1.115889226E2;0.000000000E0;3.291615601E2;4.727516651E0;3.000000000E0
1.451693206E2;5.105914521E1;1.375311966E1;1.116304304E2;0.000000000E0;3.291615601E2;4.727611542E0;3.000000000E0
1.461693446E2;5.105913851E1;1.375313102E1;1.115844250E2;3.262804449E-1;3.291615601E2;4.727707386E0;3.000000000E0
1.471693526E2;5.105913432E1;1.375311392E1;1.109772295E2;1.042929530E0;2.285868988E2;4.717456341E0;3.000000000E0
1.481694626E2;5.105911822E1;1.375307512E1;1.099834903E2;2.315293312E0;2.337300262E2;7.489009857E0;3.000000000E0
1.491694056E2;5.105909531E1;1.375302226E1;1.093097993E2;2.803622246E0;2.355706635E2;5.235878944E0;3.000000000E0
1.501694076E2;5.105906833E1;1.375296266E1;1.096470686E2;3.532318115E0;2.365255127E2;5.320498943E0;3.000000000E0
1.511694606E2;5.105903866E1;1.375290263E1;1.102812253E2;3.674270153E0;2.294273376E2;6.298209190E0;3.000000000E0
1.521694466E2;5.105899959E1;1.375284670E1;1.116446105E2;4.818732262E0;2.149570465E2;6.124313354E0;3.000000000E0
1.531694736E2;5.105895477E1;1.375280965E1;1.118236596E2;5.007374763E0;1.939957886E2;5.193605900E0;3.000000000E0
1.541695396E2;5.105890264E1;1.375279966E1;1.119772682E2;5.140450954E0;1.851539917E2;5.304212570E0;3.000000000E0
1.551695126E2;5.105884565E1;1.375281459E1;1.122123582E2;4.390057564E0;1.674965820E2;5.304190636E0;3.000000000E0
1.561695326E2;5.105878781E1;1.375285681E1;1.125320067E2;5.232698441E0;1.624307404E2;4.973509789E0;3.000000000E0
1.571695896E2;5.105873320E1;1.375290122E1;1.123713067E2;5.981613636E0;1.601721497E2;4.460648537E0;3.000000000E0
1.581695666E2;5.105867165E1;1.375294545E1;1.129095042E2;6.334806919E0;1.615254974E2;4.460706711E0;3.000000000E0
1.591695886E2;5.105861445E1;1.375297605E1;1.130040378E2;6.336005211E0;1.607994080E2;4.460763454E0;3.000000000E0
1.601696276E2;5.105855870E1;1.375300866E1;1.130182996E2;6.308125019E0;1.615278015E2;4.460821629E0;3.000000000E0
1.611696636E2;5.105850482E1;1.375304201E1;1.129750870E2;6.246222019E0;1.590413818E2;4.460878372E0;3.000000000E0
1.621696916E2;5.105845201E1;1.375308045E1;1.129901054E2;6.337854385E0;1.532392731E2;2.227351665E0;1.452810884E0
1.631696766E2;5.105839867E1;1.375312219E1;1.129609690E2;6.489233017E0;1.500703583E2;2.238640785E0;1.396216989E0
1.641696976E2;5.105834655E1;1.375316747E1;1.128740859E2;6.147947311E0;1.495579681E2;2.298287868E0;1.377353311E0
1.651697346E2;5.105829863E1;1.375321632E1;1.128928653E2;5.594683647E0;1.462259369E2;2.283461332E0;1.365829587E0
1.661697346E2;5.105825345E1;1.375326152E1;1.131606161E2;5.365766525E0;1.487932892E2;2.293378592E0;1.343871355E0
1.671699446E2;5.105820774E1;1.375330680E1;1.131071161E2;5.072254181E0;1.485834198E2;2.409482479E0;1.349406481E0
1.681697956E2;5.105816369E1;1.375334948E1;1.127478480E2;4.593579292E0;1.607174835E2;2.403137207E0;1.339790463E0
1.691697946E2;5.105810241E1;1.375341416E1;1.133402421E2;6.326328278E0;1.566749878E2;4.461333275E0;3.000000000E0
1.701698016E2;5.105804920E1;1.375345313E1;1.134298059E2;6.396384239E0;1.512931061E2;4.461388588E0;3.000000000E0
1.711698616E2;5.105800090E1;1.375350755E1;1.133434177E2;6.482373714E0;1.403759460E2;4.461444855E0;3.000000000E0
1.721698696E2;5.105796742E1;1.375354382E1;1.141412541E2;5.162434101E0;1.431308594E2;2.245071173E0;1.327964067E0
1.731699446E2;5.105792377E1;1.375359893E1;1.145101927E2;4.750682831E0;1.474279327E2;2.228260994E0;1.342457294E0
1.741700906E2;5.105788654E1;1.375364438E1;1.145289579E2;3.827181816E0;1.485123138E2;2.229319334E0;1.352685094E0
1.751699166E2;5.105785461E1;1.375368556E1;1.149197962E2;2.951732874E0;1.508114166E2;2.242451191E0;1.355661511E0
1.761699346E2;5.105782732E1;1.375371830E1;1.150188629E2;2.356406212E0;1.484895630E2;2.260377407E0;1.360060215E0
1.771703246E2;5.105779916E1;1.375375102E1;1.151422659E2;2.584214687E0;1.510476074E2;2.227387905E0;1.346473098E0
1.781699636E2;5.105777229E1;1.375377702E1;1.150797590E2;2.453063726E0;1.485341492E2;2.235510349E0;1.351786494E0
1.791701346E2;5.105774411E1;1.375380245E1;1.150664082E2;2.559098721E0;1.634046631E2;2.228034019E0;1.343997717E0
1.801702936E2;5.105769177E1;1.375386462E1;1.152641918E2;4.100761414E0;1.566625671E2;4.461947441E0;3.000000000E0
1.811700536E2;5.105765458E1;1.375388955E1;1.153458736E2;4.504419327E0;1.543508759E2;4.462002277E0;3.000000000E0
1.821700556E2;5.105761613E1;1.375392851E1;1.155739100E2;5.065481186E0;1.452454987E2;4.462058067E0;3.000000000E0
1.831700896E2;5.105758078E1;1.375396856E1;1.138544927E2;6.458072186E0;1.440231476E2;2.240511894E0;1.303283334E0
1.841701076E2;5.105753427E1;1.375403314E1;1.132549771E2;6.959691525E0;1.430765839E2;2.275425196E0;1.317592502E0
1.851701266E2;5.105748737E1;1.375409835E1;1.128194329E2;7.378412247E0;1.390654297E2;2.314910889E0;1.334309936E0
1.861701466E2;5.105744352E1;1.375415422E1;1.124794426E2;7.098452091E0;1.368044281E2;2.382795572E0;1.328388095E0
1.871701646E2;5.105739614E1;1.375421465E1;1.121059145E2;6.939288139E0;1.379342957E2;2.415794373E0;1.355246782E0
1.881701876E2;5.105734897E1;1.375426790E1;1.118435337E2;6.905974865E0;1.374065552E2;2.262064457E0;1.360547066E0
1.891702126E2;5.105730090E1;1.375432309E1;1.111408441E2;7.120308876E0;1.367560425E2;2.239784241E0;1.400858998E0
1.901702976E2;5.105725348E1;1.375437947E1;1.103650573E2;6.957119465E0;1.364028320E2;2.233937263E0;1.421607137E0
1.911702576E2;5.105720282E1;1.375443842E1;1.098792016E2;7.155875683E0;1.356275787E2;2.223683834E0;1.446879983E0
1.921702736E2;5.105715296E1;1.375449844E1;1.097848662E2;7.169021130E0;1.324623260E2;2.224328756E0;1.452977777E0
1.931702766E2;5.105710282E1;1.375455986E1;1.099147478E2;6.903396606E0;1.342682495E2;2.259812355E0;1.460800886E0
1.941703056E2;5.105705126E1;1.375461760E1;1.101200816E2;6.951182842E0;1.355747986E2;2.267930984E0;1.464943647E0
1.951703676E2;5.105699847E1;1.375467394E1;1.100240457E2;6.947896957E0;1.384649506E2;2.284573078E0;1.466876388E0
1.961705416E2;5.105694241E1;1.375473293E1;1.097006488E2;7.301012039E0;1.401183472E2;2.253993750E0;1.479297161E0
1.971703706E2;5.105688493E1;1.375479649E1;1.093342722E2;7.453170300E0;1.410886688E2;2.319069147E0;1.471918344E0
1.981704466E2;5.105682630E1;1.375485451E1;1.091955862E2;7.502160072E0;1.401049194E2;2.307665825E0;1.480955005E0
1.991704286E2;5.105676895E1;1.375491301E1;1.091816726E2;7.574008465E0;1.391507263E2;2.265065193E0;1.471425176E0
2.001704276E2;5.105671284E1;1.375497511E1;1.090970628E2;7.465713978E0;1.412077026E2;2.271261692E0;1.474950314E0
2.011704736E2;5.105665737E1;1.375503337E1;1.087725035E2;7.628841877E0;1.404949493E2;2.285010815E0;1.469821215E0
2.021704726E2;5.105660411E1;1.375508953E1;1.089441425E2;7.238687038E0;1.390792694E2;2.295014381E0;1.470254064E0
2.031704836E2;5.105655069E1;1.375514943E1;1.087474003E2;7.271893501E0;1.398315125E2;2.248777390E0;1.473520994E0
2.041705446E2;5.105649642E1;1.375521100E1;1.082422289E2;7.458782196E0;1.410466919E2;2.281473637E0;1.477406025E0
2.051705766E2;5.105644004E1;1.375527231E1;1.077289141E2;7.558130264E0;1.403523865E2;2.256028652E0;1.478960395E0
2.061706346E2;5.105638152E1;1.375533258E1;1.071269901E2;8.066043854E0;1.409047089E2;2.241595268E0;1.480995536E0
2.071705766E2;5.105632264E1;1.375539646E1;1.068753570E2;8.065645218E0;1.412500916E2;2.251213074E0;1.491208553E0
2.081705946E2;5.105626512E1;1.375545701E1;1.065798200E2;8.023131371E0;1.405761414E2;2.210604191E0;1.480014920E0
2.091706026E2;5.105621039E1;1.375552082E1;1.068565578E2;7.985270977E0;1.394239197E2;2.219679594E0;1.486683846E0
2.101706526E2;5.105615575E1;1.375558770E1;1.070954247E2;7.528530598E0;1.381778870E2;2.198866844E0;1.475445151E0
2.111706516E2;5.105610718E1;1.375565269E1;1.067956033E2;6.577302456E0;1.381722107E2;2.223063469E0;1.480558395E0
2.121707926E2;5.105606470E1;1.375570325E1;1.065460249E2;5.623967648E0;1.373781433E2;2.241222858E0;1.480067968E0
2.131707006E2;5.105603100E1;1.375573889E1;1.068054992E2;4.120814323E0;1.407762909E2;2.229928970E0;1.495534778E0
2.141707246E2;5.105600494E1;1.375576277E1;1.070378306E2;3.217235327E0;1.368625946E2;2.226519346E0;1.497301698E0
2.151707366E2;5.105598436E1;1.375577164E1;1.079439757E2;1.808983207E0;1.408235931E2;2.224132538E0;1.491802096E0
2.161707456E2;5.105597499E1;1.375577498E1;1.090297291E2;6.121191978E-1;1.301027679E2;2.224368334E0;1.477599859E0
2.171707816E2;5.105596785E1;1.375576418E1;1.105682373E2;4.939763844E-1;1.273959122E2;2.262034655E0;1.410719275E0
2.181707996E2;5.105596578E1;1.375575728E1;1.113597554E2;2.533457875E-1;1.288326874E2;1.965204835E0;1.379020929E0
2.191708186E2;5.105596524E1;1.375575217E1;1.118162839E2;3.518022895E-1;1.284508057E2;1.873431206E0;1.352668643E0
2.201708506E2;5.105596399E1;1.375574852E1;1.121690056E2;4.664516747E-1;1.287539978E2;1.828255415E0;1.353351712E0
2.211708536E2;5.105596322E1;1.375574604E1;1.124892426E2;4.116265774E-1;1.282304840E2;1.796761513E0;1.341280222E0
2.221708866E2;5.105596118E1;1.375574711E1;1.127986078E2;1.544943571E0;1.341124115E2;1.745030522E0;1.347522259E0
2.231710056E2;5.105595083E1;1.375576241E1;1.131590617E2;2.496365070E0;1.404163208E2;1.710807681E0;1.346752405E0
2.241709136E2;5.105592646E1;1.375578366E1;1.133860433E2;3.349176645E0;1.444100647E2;2.291423559E0;1.352661967E0
2.251709356E2;5.105589533E1;1.375581652E1;1.134377772E2;3.583520651E0;1.429853516E2;2.291597366E0;1.358912945E0
2.261709786E2;5.105586049E1;1.375585635E1;1.131516225E2;3.791373491E0;1.394785767E2;2.293242455E0;1.363595724E0
2.271709826E2;5.105582442E1;1.375589482E1;1.128953304E2;4.322544575E0;1.442514648E2;2.304825068E0;1.364121199E0
2.281710116E2;5.105577998E1;1.375594339E1;1.126228154E2;4.897318363E0;1.435759735E2;2.284343958E0;1.365446329E0
2.291710166E2;5.105573060E1;1.375599519E1;1.125314142E2;5.643665791E0;1.482719116E2;2.377174854E0;1.370755196E0
2.301710576E2;5.105567745E1;1.375604603E1;1.128706510E2;5.726281166E0;1.472363739E2;2.328775644E0;1.376610041E0
2.311711536E2;5.105562543E1;1.375609827E1;1.130767875E2;6.197327614E0;1.449940186E2;2.315860033E0;1.378922939E0
2.321710956E2;5.105557341E1;1.375615666E1;1.133112750E2;6.465971947E0;1.450070038E2;2.304793835E0;1.370132446E0
2.331710966E2;5.105552084E1;1.375621589E1;1.135841080E2;6.670892715E0;1.464017181E2;2.290250301E0;1.372619748E0
2.341711696E2;5.105546532E1;1.375627983E1;1.141500075E2;7.101771355E0;1.483308563E2;2.407380819E0;1.391695499E0
2.351711486E2;5.105540852E1;1.375634705E1;1.148307918E2;7.508880615E0;1.482860870E2;2.344590902E0;1.395859599E0
2.361711726E2;5.105535260E1;1.375641093E1;1.156040203E2;7.749529839E0;1.476487274E2;2.357163668E0;1.386282682E0
2.371712056E2;5.105529442E1;1.375646747E1;1.160572258E2;8.074087143E0;1.560160217E2;2.351766109E0;1.377876043E0
2.381713116E2;5.105522981E1;1.375650873E1;1.161682163E2;8.422925949E0;1.671695709E2;2.308314323E0;1.389347315E0
2.391712266E2;5.105516058E1;1.375653666E1;1.164079652E2;8.393728256E0;1.661234589E2;2.309496403E0;1.397261977E0
2.401712646E2;5.105508973E1;1.375656370E1;1.167748725E2;8.445588112E0;1.604853210E2;2.267614603E0;1.405986547E0
2.411712846E2;5.105501933E1;1.375659511E1;1.172451806E2;8.660550117E0;1.569588623E2;2.248082638E0;1.409661889E0
2.421712866E2;5.105495336E1;1.375663854E1;1.180996944E2;8.157187462E0;1.496536255E2;2.243152857E0;1.445508599E0
2.431713626E2;5.105489882E1;1.375669211E1;1.120970429E2;7.620905399E0;1.439837189E2;4.465212345E0;3.000000000E0
2.441713416E2;5.105484063E1;1.375676991E1;1.117969081E2;7.835448742E0;1.450106812E2;5.301740646E0;3.000000000E0
2.451715646E2;5.105477853E1;1.375684318E1;1.114778355E2;7.998366833E0;1.460580444E2;5.301703453E0;3.000000000E0
2.461713926E2;5.105471768E1;1.375691411E1;1.113429281E2;7.644101143E0;1.465410767E2;5.301671505E0;3.000000000E0
2.471713996E2;5.105465996E1;1.375698018E1;1.114261681E2;7.394862175E0;1.467104645E2;4.465404034E0;3.000000000E0
2.481714056E2;5.105460060E1;1.375703812E1;1.114125075E2;7.730814934E0;1.467979889E2;4.465451241E0;3.000000000E0
2.491714486E2;5.105453861E1;1.375710121E1;1.115093802E2;7.753374100E0;1.466809387E2;4.412952423E0;3.000000000E0
2.501714626E2;5.105447805E1;1.375716580E1;1.113870315E2;7.914044380E0;1.461940613E2;4.465546608E0;3.000000000E0
2.511714796E2;5.105441675E1;1.375723329E1;1.113500431E2;8.109637260E0;1.452257080E2;4.465593815E0;3.000000000E0
2.521714946E2;5.105435624E1;1.375730216E1;1.110968869E2;8.214784622E0;1.452360840E2;5.301459312E0;3.000000000E0
2.531715236E2;5.105429757E1;1.375737041E1;1.110369791E2;8.152243614E0;1.458578796E2;4.465687752E0;3.000000000E0
2.541715476E2;5.105424004E1;1.375744001E1;1.112078498E2;8.021281242E0;1.466403809E2;5.301387787E0;3.000000000E0
2.551715786E2;5.105418381E1;1.375750828E1;1.116325215E2;8.062989235E0;1.456897583E2;5.196793079E0;3.000000000E0
2.561717246E2;5.105412315E1;1.375758285E1;1.119443861E2;8.064354897E0;1.462897949E2;5.301316261E0;3.000000000E0
2.571716036E2;5.105406202E1;1.375765179E1;1.120185568E2;8.003428459E0;1.445550690E2;4.465873718E0;3.000000000E0
2.581718056E2;5.105400087E1;1.375771717E1;1.117664097E2;8.083914757E0;1.402343292E2;4.465920925E0;3.000000000E0
2.591716546E2;5.105394387E1;1.375779460E1;1.113934547E2;8.081262589E0;1.386424866E2;4.465967178E0;3.000000000E0
2.601716546E2;5.105388932E1;1.375788311E1;1.111174775E2;7.748172760E0;1.310175476E2;5.301170826E0;3.000000000E0
2.611716956E2;5.105384177E1;1.375797103E1;1.110067078E2;7.877763748E0;1.330451355E2;5.301134109E0;3.000000000E0
2.621717216E2;5.105378834E1;1.375805077E1;1.107900695E2;8.001776695E0;1.419324799E2;4.466104984E0;3.000000000E0
2.631717276E2;5.105372856E1;1.375810770E1;1.105185631E2;8.047985077E0;1.483451385E2;5.301059723E0;3.000000000E0
2.641717566E2;5.105366786E1;1.375815374E1;1.104195689E2;7.764188290E0;1.551124420E2;4.466197014E0;3.000000000E0
2.651717816E2;5.105360248E1;1.375819178E1;1.100443934E2;7.592338085E0;1.593824158E2;4.466242313E0;3.000000000E0
2.661717936E2;5.105353611E1;1.375822201E1;1.099657871E2;7.633192062E0;1.633040619E2;4.466288567E0;3.000000000E0
2.671718636E2;5.105346764E1;1.375824678E1;1.098687615E2;7.541841030E0;1.667628326E2;4.466333866E0;3.000000000E0
2.681718476E2;5.105339982E1;1.375826700E1;1.099463904E2;7.757201195E0;1.704463501E2;4.466380119E0;3.000000000E0
2.691718696E2;5.105333000E1;1.375827816E1;1.099444464E2;7.841528893E0;1.770728302E2;4.466426373E0;3.000000000E0
2.701718846E2;5.105325909E1;1.375827794E1;1.099832899E2;7.710040092E0;1.782127075E2;4.594615936E0;3.000000000E0
2.711719076E2;5.105319009E1;1.375827898E1;1.099114060E2;7.591851711E0;1.786957397E2;4.594697475E0;3.000000000E0
2.721719266E2;5.105312192E1;1.375827245E1;1.097700874E2;7.646002769E0;1.819102936E2;4.466563225E0;3.000000000E0
2.731719486E2;5.105305257E1;1.375825900E1;1.096261753E2;7.602491379E0;1.884170532E2;4.466609001E0;3.000000000E0
2.741719656E2;5.105298436E1;1.375824072E1;1.099013565E2;7.670035362E0;1.928259583E2;4.466654301E0;3.000000000E0
2.751719806E2;5.105291714E1;1.375821599E1;1.101794154E2;7.627152443E0;1.948632965E2;5.300624371E0;3.000000000E0
2.761719946E2;5.105285035E1;1.375818900E1;1.101960884E2;7.740114689E0;1.938830566E2;6.060888290E0;3.000000000E0
2.771722236E2;5.105278055E1;1.375816323E1;1.102371865E2;7.830773354E0;1.922400970E2;5.300551414E0;3.000000000E0
2.781720516E2;5.105270828E1;1.375814709E1;1.107218141E2;7.809489250E0;1.904944611E2;5.300516605E0;3.000000000E0
2.791721196E2;5.105263464E1;1.375812909E1;1.108586817E2;8.017889023E0;1.901035309E2;4.466881275E0;3.000000000E0
2.801720886E2;5.105255905E1;1.375810021E1;1.106511995E2;8.100623131E0;1.911514130E2;6.061572075E0;3.000000000E0
2.811721256E2;5.105248714E1;1.375806898E1;1.106090799E2;7.991956234E0;1.935706940E2;6.061740398E0;3.000000000E0
2.821721286E2;5.105241837E1;1.375804284E1;1.105878439E2;7.748803139E0;1.931092072E2;6.148531914E0;3.000000000E0
2.831721396E2;5.105235204E1;1.375801070E1;1.102220288E2;7.477032661E0;1.924478760E2;5.196247101E0;3.000000000E0
2.841722076E2;5.105229405E1;1.375797005E1;1.097633940E2;6.474931240E0;2.000878296E2;5.300294876E0;3.000000000E0
2.851721796E2;5.105225048E1;1.375792901E1;1.091585609E2;4.948441982E0;2.216285248E2;5.300256729E0;3.000000000E0
2.861722316E2;5.105222861E1;1.375788721E1;1.091693427E2;3.156308889E0;2.112564850E2;4.467196465E0;3.000000000E0
2.871722436E2;5.105221722E1;1.375788540E1;1.087623015E2;1.398317456E0;1.804832458E2;4.757581711E0;3.000000000E0
2.881722416E2;5.105221381E1;1.375790467E1;1.088480230E2;5.736904144E-1;1.804832458E2;4.467286587E0;3.000000000E0
2.891724416E2;5.105222083E1;1.375792030E1;1.090221723E2;3.935273886E-1;1.804832458E2;5.300116062E0;3.000000000E0
2.901723376E2;5.105222432E1;1.375793590E1;1.099368825E2;0.000000000E0;1.804832458E2;4.467375755E0;3.000000000E0
2.911723126E2;5.105222432E1;1.375793590E1;1.098115081E2;0.000000000E0;1.804832458E2;5.300045490E0;3.000000000E0
2.921723366E2;5.105222306E1;1.375794445E1;1.101318341E2;3.237111866E-1;1.237749023E2;5.300007343E0;3.000000000E0
2.931723526E2;5.105221185E1;1.375798633E1;1.100234242E2;2.279782772E0;9.110498047E1;7.964932919E0;3.000000000E0
2.941723766E2;5.105220850E1;1.375805143E1;1.096551860E2;3.454980135E0;8.368858337E1;6.046910763E0;3.000000000E0
2.951724286E2;5.105220927E1;1.375811958E1;1.096300819E2;3.777538300E0;8.317034149E1;5.011932373E0;3.000000000E0
2.961724246E2;5.105221168E1;1.375818609E1;1.097441101E2;4.207676888E0;8.465129852E1;5.012201309E0;3.000000000E0
2.971724466E2;5.105221333E1;1.375825531E1;1.101233264E2;4.904087067E0;8.613352203E1;5.012468338E0;3.000000000E0
2.981724766E2;5.105221510E1;1.375832641E1;1.103212820E2;5.285525799E0;8.906607819E1;5.012736320E0;3.000000000E0
2.991724796E2;5.105221380E1;1.375840190E1;1.101679141E2;5.634622574E0;9.362427521E1;5.013003826E0;3.000000000E0
3.001725236E2;5.105221174E1;1.375849133E1;1.099512153E2;5.811654091E0;9.611972046E1;5.013270855E0;3.000000000E0
3.011725426E2;5.105220335E1;1.375858488E1;1.099249648E2;6.045665264E0;9.944372559E1;4.754771709E0;3.000000000E0
3.021725476E2;5.105219492E1;1.375867845E1;1.101096219E2;6.132637024E0;1.001087494E2;4.754567623E0;3.000000000E0
3.031725616E2;5.105218698E1;1.375876991E1;1.103255162E2;6.399466038E0;9.913499451E1;5.002553463E0;3.000000000E0
3.041725956E2;5.105217603E1;1.375886116E1;1.105579011E2;6.570382595E0;9.876127625E1;5.848359108E0;3.000000000E0
3.051726076E2;5.105217291E1;1.375896396E1;1.108516664E2;6.479662895E0;9.868862152E1;4.753961563E0;3.000000000E0
3.061726296E2;5.105216940E1;1.375905942E1;1.114202239E2;6.509265900E0;9.938237762E1;5.014872551E0;3.000000000E0
3.071726636E2;5.105215960E1;1.375914437E1;1.112605329E2;6.612009525E0;9.971717072E1;4.753556252E0;3.000000000E0
3.081726886E2;5.105215232E1;1.375924817E1;1.113999048E2;6.611384869E0;1.018603134E2;5.001809597E0;3.000000000E0
3.091726936E2;5.105213868E1;1.375934497E1;1.117258961E2;6.499103546E0;1.015544815E2;6.188576221E0;3.000000000E0
3.101727036E2;5.105212435E1;1.375943551E1;1.116914452E2;6.553330421E0;1.021908417E2;6.188766956E0;3.000000000E0
3.111727366E2;5.105210294E1;1.375953306E1;1.113858808E2;6.597944260E0;1.024582748E2;5.748595715E0;3.000000000E0
3.121727636E2;5.105209061E1;1.375963031E1;1.114051729E2;6.408529282E0;1.013911362E2;4.752542973E0;3.000000000E0
3.131727806E2;5.105207956E1;1.375972997E1;1.113768177E2;6.337782383E0;9.945182800E1;4.468346119E0;3.000000000E0
3.141728056E2;5.105206609E1;1.375982693E1;1.112255889E2;6.422069550E0;9.945839691E1;5.000915527E0;3.000000000E0
3.151728766E2;5.105205099E1;1.375992184E1;1.109961570E2;6.588278294E0;1.003554764E2;4.751933575E0;3.000000000E0
3.161728336E2;5.105203216E1;1.376002511E1;1.105256996E2;6.481405258E0;1.007218781E2;4.468468189E0;3.000000000E0
3.171728516E2;5.105202058E1;1.376012536E1;1.108302206E2;6.831199646E0;9.973220062E1;4.468508244E0;3.000000000E0
3.181728736E2;5.105200901E1;1.376022521E1;1.111084438E2;6.822504997E0;9.899313354E1;5.748618126E0;3.000000000E0
3.191729166E2;5.105200065E1;1.376032172E1;1.114209632E2;6.950482845E0;9.916101074E1;5.748618126E0;3.000000000E0
3.201729286E2;5.105199110E1;1.376041719E1;1.116092411E2;6.902946472E0;9.986544037E1;5.748620510E0;3.000000000E0
3.211729756E2;5.105197755E1;1.376051538E1;1.117489139E2;6.857149124E0;1.010295181E2;5.748617172E0;3.000000000E0
3.221729826E2;5.105196374E1;1.376061035E1;1.118123779E2;6.821532249E0;1.034116058E2;6.778032303E0;3.000000000E0
3.231729976E2;5.105194838E1;1.376071080E1;1.118185807E2;6.659334660E0;1.026063995E2;6.349894524E0;3.000000000E0
3.241730146E2;5.105192691E1;1.376080834E1;1.114067531E2;6.849035263E0;9.914873505E1;6.349275589E0;3.000000000E0
3.251730316E2;5.105191995E1;1.376090937E1;1.115452742E2;6.986520290E0;9.915586090E1;5.748608589E0;3.000000000E0
3.261730676E2;5.105191809E1;1.376101362E1;1.110307756E2;6.972805500E0;9.845408630E1;5.748605728E0;3.000000000E0
3.271730776E2;5.105191329E1;1.376111167E1;1.106278959E2;6.979844093E0;9.784080505E1;5.748598099E0;3.000000000E0
3.281731086E2;5.105189982E1;1.376120988E1;1.097423082E2;6.953160286E0;9.778758240E1;5.071148872E0;3.000000000E0
3.291731206E2;5.105188597E1;1.376131038E1;1.089755148E2;7.024294376E0;1.028356171E2;4.599237442E0;3.000000000E0
3.301731476E2;5.105186488E1;1.376140708E1;1.081850206E2;6.653608322E0;1.125694733E2;6.069984913E0;3.000000000E0
3.311731526E2;5.105183781E1;1.376148661E1;1.081750300E2;6.129986763E0;1.198014603E2;6.070151329E0;3.000000000E0
3.321732026E2;5.105181203E1;1.376155325E1;1.082423803E2;4.234407425E0;1.150035172E2;6.070315838E0;3.000000000E0
3.331731956E2;5.105179938E1;1.376160359E1;1.082045576E2;2.714102745E0;9.268325043E1;5.127912045E0;3.000000000E0
3.341732106E2;5.105181480E1;1.376162169E1;1.082677424E2;2.944409370E0;7.476976013E1;5.128147125E0;3.000000000E0
3.351734866E2;5.105183373E1;1.376167331E1;1.084496893E2;3.993066072E0;7.764585114E1;5.128383160E0;3.000000000E0
3.361732776E2;5.105184504E1;1.376174485E1;1.083848889E2;5.001151085E0;8.388341522E1;7.016999722E0;3.000000000E0
3.371732946E2;5.105184660E1;1.376182832E1;1.085119534E2;5.700342178E0;8.925181580E1;6.256649971E0;3.000000000E0
3.381733046E2;5.105184102E1;1.376191879E1;1.092000446E2;6.197521210E0;9.699833679E1;5.768285751E0;3.000000000E0
3.391733346E2;5.105183435E1;1.376200044E1;1.094210962E2;6.347849369E0;9.740740967E1;5.887762070E0;3.000000000E0
3.401733546E2;5.105182413E1;1.376209025E1;1.097891529E2;6.318978310E0;9.837896729E1;6.249150753E0;3.000000000E0
3.411733706E2;5.105181082E1;1.376218180E1;1.102831260E2;6.336252689E0;9.810542297E1;6.764199734E0;3.000000000E0
3.421733876E2;5.105179989E1;1.376228256E1;1.102418162E2;6.386356831E0;9.682591248E1;5.748467445E0;3.000000000E0
3.431734116E2;5.105178451E1;1.376238433E1;1.101890981E2;6.568903923E0;9.934236908E1;5.748455524E0;3.000000000E0
3.441734546E2;5.105177636E1;1.376247882E1;1.112267479E2;6.527938843E0;9.922406769E1;5.024909019E0;3.000000000E0
3.451734636E2;5.105176732E1;1.376257353E1;1.119908690E2;6.545060635E0;9.991773987E1;5.025171280E0;3.000000000E0
3.461734956E2;5.105175476E1;1.376266518E1;1.117634539E2;6.683762074E0;9.897724152E1;4.600500584E0;3.000000000E0
3.471734816E2;5.105174538E1;1.376275247E1;1.111490504E2;6.722699165E0;9.682140350E1;4.600573540E0;3.000000000E0
3.481735106E2;5.105173683E1;1.376285393E1;1.107297395E2;6.861983299E0;9.629701996E1;4.600647926E0;3.000000000E0
3.491735356E2;5.105173020E1;1.376295707E1;1.104586515E2;6.814636230E0;9.828811646E1;4.600719929E0;3.000000000E0
3.501735536E2;5.105172710E1;1.376306075E1;1.107481768E2;6.918068886E0;9.860757446E1;4.469781399E0;3.000000000E0
3.511736366E2;5.105171832E1;1.376315806E1;1.109772488E2;7.042160034E0;9.881453705E1;4.469817638E0;3.000000000E0
3.521736266E2;5.105170928E1;1.376325605E1;1.109728401E2;7.132377625E0;9.916732788E1;4.469854355E0;3.000000000E0
3.531736216E2;5.105169730E1;1.376335612E1;1.107605657E2;7.110268116E0;9.904130554E1;4.469890118E0;3.000000000E0
3.541736596E2;5.105168646E1;1.376346204E1;1.109262890E2;7.005992889E0;9.966392517E1;4.469926834E0;3.000000000E0
3.551736766E2;5.105167898E1;1.376356903E1;1.110683137E2;6.834012032E0;9.925918579E1;4.743782997E0;3.000000000E0
3.561737046E2;5.105167482E1;1.376367599E1;1.107859374E2;7.060149193E0;9.920748901E1;4.469999313E0;3.000000000E0
3.571736996E2;5.105166821E1;1.376377789E1;1.106898567E2;7.153406143E0;9.804290771E1;4.470035553E0;3.000000000E0
3.581737246E2;5.105165718E1;1.376387844E1;1.104727444E2;7.074562073E0;9.935143280E1;4.470071316E0;3.000000000E0
3.591737676E2;5.105164425E1;1.376397487E1;1.103188283E2;6.910854340E0;1.008209229E2;4.470106125E0;3.000000000E0
3.601737756E2;5.105163271E1;1.376406883E1;1.103594917E2;7.088103294E0;1.018452072E2;4.470142365E0;3.000000000E0
3.611737946E2;5.105161887E1;1.376417079E1;1.103415152E2;7.176974773E0;1.003124542E2;4.470177650E0;3.000000000E0
3.621738076E2;5.105160816E1;1.376427081E1;1.103153113E2;7.314168930E0;1.008354950E2;4.470212460E0;3.000000000E0
3.631738446E2;5.105159549E1;1.376437250E1;1.102679348E2;7.311061859E0;9.968514252E1;4.470248699E0;3.000000000E0
3.641738676E2;5.105158368E1;1.376447721E1;1.102985986E2;7.192533493E0;1.004966583E2;4.470283508E0;3.000000000E0
3.651738996E2;5.105157236E1;1.376458140E1;1.105441354E2;7.173594475E0;1.005384827E2;4.470318794E0;3.000000000E0
3.661738936E2;5.105155970E1;1.376468387E1;1.103491093E2;7.212960720E0;9.978013611E1;4.470353603E0;3.000000000E0
3.671739316E2;5.105154826E1;1.376478686E1;1.102883169E2;7.298881054E0;9.998876190E1;4.470388412E0;3.000000000E0
3.681739416E2;5.105153637E1;1.376489025E1;1.102673915E2;7.244995117E0;1.010740891E2;4.470422745E0;3.000000000E0
3.691739826E2;5.105152156E1;1.376498937E1;1.102818653E2;7.156101704E0;1.023920212E2;4.470457554E0;3.000000000E0
3.701740016E2;5.105150647E1;1.376509422E1;1.103616661E2;7.190979004E0;1.015853195E2;4.470492363E0;3.000000000E0
3.711739966E2;5.105149616E1;1.376519872E1;1.103419403E2;7.182364941E0;9.944770050E1;4.470526695E0;3.000000000E0
3.721740196E2;5.105148721E1;1.376530157E1;1.104977943E2;7.265060902E0;9.849177551E1;4.470560551E0;3.000000000E0
3.731740506E2;5.105147910E1;1.376540693E1;1.103877070E2;7.219311714E0;9.836951447E1;4.470594406E0;3.000000000E0
3.741740686E2;5.105147068E1;1.376551436E1;1.102408208E2;7.298085690E0;9.859379578E1;4.470629215E0;3.000000000E0
3.751742556E2;5.105146123E1;1.376561849E1;1.103946052E2;7.241911888E0;9.944683075E1;4.470662594E0;3.000000000E0
3.761741216E2;5.105145257E1;1.376572246E1;1.107452397E2;7.202543736E0;9.970552063E1;4.470696449E0;3.000000000E0
3.771741506E2;5.105144427E1;1.376582607E1;1.111311644E2;7.260163307E0;9.929557800E1;4.470730305E0;3.000000000E0
3.781741596E2;5.105143479E1;1.376593172E1;1.113440643E2;7.357594490E0;9.879061890E1;4.470764160E0;3.000000000E0
3.791741956E2;5.105142585E1;1.376603457E1;1.116772137E2;7.416373253E0;9.833460236E1;4.470797062E0;3.000000000E0
3.801742026E2;5.105141972E1;1.376613457E1;1.120424746E2;7.223458290E0;9.697884369E1;4.470830917E0;3.000000000E0
3.811742136E2;5.105141255E1;1.376623645E1;1.122312118E2;7.133833408E0;9.875605774E1;4.470864296E0;3.000000000E0
3.821742746E2;5.105140221E1;1.376634416E1;1.122368445E2;7.254325390E0;1.004781952E2;4.470897198E0;3.000000000E0
3.831742486E2;5.105138974E1;1.376644745E1;1.122421324E2;7.204647064E0;9.987712097E1;4.470930576E0;3.000000000E0
3.841742746E2;5.105137734E1;1.376655086E1;1.122418862E2;7.146873474E0;1.002479324E2;4.470963001E0;3.000000000E0
3.851743076E2;5.105136303E1;1.376665108E1;1.123302730E2;7.088446617E0;9.980006409E1;4.470996857E0;3.000000000E0
3.861743206E2;5.105135037E1;1.376675087E1;1.123096692E2;7.390198708E0;9.871611786E1;4.471029282E0;3.000000000E0
3.871743656E2;5.105133795E1;1.376685570E1;1.120326442E2;7.274844646E0;9.933955383E1;4.471062183E0;3.000000000E0
3.881743756E2;5.105132718E1;1.376695939E1;1.118341075E2;7.157413960E0;9.960149384E1;4.471094131E0;3.000000000E0
3.891744016E2;5.105131759E1;1.376705937E1;1.115244116E2;7.122035027E0;9.958941650E1;4.471126556E0;3.000000000E0
3.901744186E2;5.105130884E1;1.376716750E1;1.110833983E2;7.047296524E0;9.866690826E1;4.471158981E0;3.000000000E0
3.911744166E2;5.105129968E1;1.376726985E1;1.107972702E2;7.079825878E0;9.904074860E1;4.471191883E0;3.000000000E0
3.921746356E2;5.105128999E1;1.376736778E1;1.105404365E2;7.139069080E0;9.820751190E1;4.471223831E0;3.000000000E0
3.931744756E2;5.105127773E1;1.376746511E1;1.105588285E2;7.032019138E0;1.007842560E2;4.471256256E0;3.000000000E0
3.941745066E2;5.105126364E1;1.376756931E1;1.108238797E2;6.928213120E0;1.044860992E2;4.471288204E0;3.000000000E0
3.951745336E2;5.105124600E1;1.376766883E1;1.109010056E2;6.776927948E0;1.018327332E2;4.471319675E0;3.000000000E0
3.961745596E2;5.105123704E1;1.376777166E1;1.109683718E2;7.012767315E0;9.647605896E1;4.471351624E0;3.000000000E0
3.971746646E2;5.105123239E1;1.376787302E1;1.106980829E2;7.224240780E0;9.585501862E1;4.471383572E0;3.000000000E0
3.981745716E2;5.105122698E1;1.376797404E1;1.105254657E2;7.150969982E0;9.836098480E1;4.471414089E0;3.000000000E0
3.991746106E2;5.105121553E1;1.376807350E1;1.103112942E2;6.932279587E0;1.001828461E2;4.471446037E0;3.000000000E0
4.001746636E2;5.105120314E1;1.376816550E1;1.102132507E2;6.930913448E0;1.000498505E2;4.471477032E0;3.000000000E0
4.011746626E2;5.105119218E1;1.376826376E1;1.100433430E2;6.925284386E0;9.714981842E1;4.471508503E0;3.000000000E0
4.021746696E2;5.105118266E1;1.376836638E1;1.098215057E2;7.019031048E0;9.992351532E1;4.471539497E0;3.000000000E0
4.031746806E2;5.105117084E1;1.376846494E1;1.098421829E2;7.076285839E0;1.002563248E2;4.471570015E0;3.000000000E0
4.041747006E2;5.105116252E1;1.376856059E1;1.100562687E2;6.983995438E0;9.931925201E1;4.471601486E0;3.000000000E0
4.051747236E2;5.105115500E1;1.376865811E1;1.104102250E2;6.896017551E0;9.786112976E1;4.471632481E0;3.000000000E0
4.061747526E2;5.105114278E1;1.376876057E1;1.103796147E2;7.055951595E0;9.754904938E1;4.471662998E0;3.000000000E0
4.071747656E2;5.105113148E1;1.376885986E1;1.104824184E2;7.039126873E0;9.877906799E1;4.471693039E0;3.000000000E0
4.081750346E2;5.105112016E1;1.376896054E1;1.104378126E2;6.984579086E0;9.977209473E1;4.471724510E0;3.000000000E0
4.091748096E2;5.105110730E1;1.376906516E1;1.104488137E2;6.914119244E0;9.849378204E1;4.471754551E0;3.000000000E0
4.101748366E2;5.105109740E1;1.376916508E1;1.103743042E2;6.864360809E0;9.909815979E1;4.471784592E0;3.000000000E0
4.111748656E2;5.105108895E1;1.376925992E1;1.103610116E2;6.862540722E0;9.859751892E1;4.471815109E0;3.000000000E0
4.121748896E2;5.105107940E1;1.376935852E1;1.104611718E2;6.947511673E0;9.814117432E1;4.471845150E0;3.000000000E0
4.131749456E2;5.105106758E1;1.376946007E1;1.105016301E2;6.922259808E0;9.949018097E1;4.471874714E0;3.000000000E0
4.141749206E2;5.105105389E1;1.376956565E1;1.106822056E2;6.992115498E0;1.014759140E2;4.471904755E0;3.000000000E0
4.151749546E2;5.105104172E1;1.376966369E1;1.107432428E2;7.033030510E0;1.022278824E2;4.471934319E0;3.000000000E0
4.161749676E2;5.105102736E1;1.376976307E1;1.107297451E2;7.080664158E0;1.038106003E2;4.471963882E0;3.000000000E0
4.171750186E2;5.105101199E1;1.376986601E1;1.105938105E2;7.249400139E0;1.027182999E2;4.471993446E0;3.000000000E0
4.181750206E2;5.105099800E1;1.376996320E1;1.107066928E2;7.167834759E0;1.014664154E2;4.472022533E0;3.000000000E0
4.191750186E2;5.105098763E1;1.377006584E1;1.106756385E2;7.095123291E0;1.003498535E2;4.472052097E0;3.000000000E0
4.201750606E2;5.105097609E1;1.377017115E1;1.106275328E2;6.988714218E0;1.006685104E2;4.472081184E0;3.000000000E0
4.211750926E2;5.105096553E1;1.377027258E1;1.104378689E2;7.030463696E0;1.006714859E2;4.472109795E0;3.000000000E0
4.221750846E2;5.105095694E1;1.377037255E1;1.102933869E2;7.147942066E0;1.000939484E2;4.472138882E0;3.000000000E0
4.231751136E2;5.105094960E1;1.377047529E1;1.101437310E2;7.101983547E0;1.001603394E2;4.472167969E0;3.000000000E0
4.241751536E2;5.105094015E1;1.377057978E1;1.102310151E2;6.893654346E0;1.021601944E2;4.472196579E0;3.000000000E0
4.251751646E2;5.105092762E1;1.377067564E1;1.106355831E2;7.018116474E0;1.019000473E2;4.472225189E0;3.000000000E0
4.261751816E2;5.105091817E1;1.377076884E1;1.107090989E2;7.025637627E0;9.846610260E1;4.606044292E0;3.000000000E0
4.271752016E2;5.105091253E1;1.377087022E1;1.108183257E2;7.142775059E0;9.736717224E1;4.606110573E0;3.000000000E0
4.281752216E2;5.105090561E1;1.377097137E1;1.108879714E2;7.171302319E0;9.544727325E1;4.606174946E0;3.000000000E0
4.291752596E2;5.105090033E1;1.377107324E1;1.108656220E2;7.049902439E0;9.372729492E1;4.606241226E0;3.000000000E0
4.301752676E2;5.105089775E1;1.377117247E1;1.106922376E2;7.038638592E0;9.314390564E1;4.606307030E0;3.000000000E0
4.311752936E2;5.105089545E1;1.377127082E1;1.108092549E2;7.053896427E0;9.326425171E1;4.606371880E0;3.000000000E0
4.321753176E2;5.105089143E1;1.377137105E1;1.110405495E2;6.945683002E0;9.338958740E1;4.472423077E0;3.000000000E0
4.331753416E2;5.105088896E1;1.377147093E1;1.111717880E2;6.972803593E0;9.319704437E1;4.472451210E0;3.000000000E0
4.341753616E2;5.105088775E1;1.377157451E1;1.113634381E2;6.954269886E0;9.333958435E1;4.472478867E0;3.000000000E0
4.351753876E2;5.105088558E1;1.377167437E1;1.114598609E2;6.915052414E0;9.319184875E1;4.472506523E0;3.000000000E0
4.361754146E2;5.105088354E1;1.377176985E1;1.116453992E2;7.065479755E0;9.064504242E1;4.472534180E0;3.000000000E0
4.371754186E2;5.105088113E1;1.377186834E1;1.116627118E2;7.019277096E0;9.273068237E1;4.472561359E0;3.000000000E0
4.381754506E2;5.105087731E1;1.377197034E1;1.117456751E2;6.970648289E0;9.217495728E1;5.744550705E0;3.000000000E0
4.391755966E2;5.105087282E1;1.377207205E1;1.117989891E2;6.908242226E0;9.216577911E1;4.726463795E0;3.000000000E0
4.401754856E2;5.105087113E1;1.377217382E1;1.120321539E2;6.917882442E0;9.280551910E1;4.472643852E0;3.000000000E0
4.411757346E2;5.105086733E1;1.377227635E1;1.124893561E2;6.945048809E0;9.296928406E1;4.472670555E0;3.000000000E0
4.421755246E2;5.105086353E1;1.377237924E1;1.115957580E2;7.040021896E0;9.238272095E1;5.049862862E0;3.000000000E0
4.431755386E2;5.105087171E1;1.377249031E1;1.105824593E2;7.020337105E0;9.028607941E1;5.050110340E0;3.000000000E0
4.441755566E2;5.105087770E1;1.377258524E1;1.099306395E2;6.911904335E0;8.982932281E1;4.472750664E0;3.000000000E0
4.451755966E2;5.105087874E1;1.377268288E1;1.102418154E2;6.675930500E0;8.930149841E1;4.472778320E0;3.000000000E0
4.461756166E2;5.105087483E1;1.377278227E1;1.103411260E2;6.678606987E0;9.131567383E1;4.472803593E0;3.000000000E0
4.471756306E2;5.105086968E1;1.377287996E1;1.107214569E2;6.733712196E0;9.225945282E1;4.472830772E0;3.000000000E0
4.481756726E2;5.105086456E1;1.377297818E1;1.109006732E2;6.824582577E0;8.994470978E1;5.051343441E0;3.000000000E0
4.491756856E2;5.105086522E1;1.377307753E1;1.106837247E2;6.751133919E0;9.066753387E1;5.051589489E0;3.000000000E0
4.501757126E2;5.105086593E1;1.377317241E1;1.109522317E2;6.785115719E0;9.242149353E1;5.051836491E0;3.000000000E0
4.511757696E2;5.105086539E1;1.377326506E1;1.114263208E2;6.747320652E0;9.336978912E1;5.743614197E0;3.000000000E0
4.521757526E2;5.105086343E1;1.377336325E1;1.115257766E2;6.771189690E0;9.322288513E1;5.743539333E0;3.000000000E0
4.531757626E2;5.105086328E1;1.377346392E1;1.119355404E2;6.689792633E0;9.320587158E1;5.743461132E0;3.000000000E0
4.541757746E2;5.105086369E1;1.377355171E1;1.119707486E2;6.553238869E0;9.210486603E1;5.743385315E0;3.000000000E0
4.551758686E2;5.105086348E1;1.377364671E1;1.122116997E2;6.508097649E0;9.068994141E1;5.743309021E0;3.000000000E0
4.561758346E2;5.105085937E1;1.377374632E1;1.126833046E2;6.532589436E0;9.045601654E1;5.743224621E0;3.000000000E0
4.571758576E2;5.105085841E1;1.377384627E1;1.130596472E2;6.517317295E0;9.071633148E1;5.053555489E0;3.000000000E0
4.581758816E2;5.105085317E1;1.377393901E1;1.134754452E2;6.477369785E0;9.131934357E1;5.743070602E0;3.000000000E0
4.591758906E2;5.105084942E1;1.377402315E1;1.133984345E2;6.387183189E0;9.021816254E1;5.054044724E0;3.000000000E0
4.601759196E2;5.105084626E1;1.377411703E1;1.134531625E2;6.387156010E0;9.030661774E1;5.054289818E0;3.000000000E0
4.611759346E2;5.105084718E1;1.377421869E1;1.138497863E2;6.518661022E0;9.135806274E1;5.054533958E0;3.000000000E0
4.621759556E2;5.105084849E1;1.377431581E1;1.141183444E2;6.588883877E0;9.411837006E1;5.054779053E0;3.000000000E0
4.631759966E2;5.105084404E1;1.377440720E1;1.141939934E2;6.440438271E0;9.551947021E1;5.742667198E0;3.000000000E0
4.641760006E2;5.105084249E1;1.377451138E1;1.150020392E2;6.119579315E0;9.468849182E1;5.742586136E0;3.000000000E0
4.651760096E2;5.105084305E1;1.377459616E1;1.155601700E2;5.723398685E0;9.576970673E1;5.055510521E0;3.000000000E0
4.661760346E2;5.105084282E1;1.377468711E1;1.162673216E2;5.501342297E0;9.421514130E1;5.742421150E0;3.000000000E0
4.671762496E2;5.105084414E1;1.377477340E1;1.165434550E2;5.512379169E0;9.556414795E1;5.881183624E0;3.000000000E0
4.681761006E2;5.105084469E1;1.377484989E1;1.167783559E2;5.174112320E0;9.384458923E1;6.256731033E0;3.000000000E0
4.691761016E2;5.105084559E1;1.377493410E1;1.172710735E2;4.991736889E0;9.380865479E1;4.720235825E0;3.000000000E0
4.701761316E2;5.105084122E1;1.377500693E1;1.176062534E2;4.868132591E0;9.168578339E1;4.720028877E0;3.000000000E0
4.711761526E2;5.105084460E1;1.377508174E1;1.182202820E2;4.773497581E0;9.104746246E1;4.724484921E0;3.000000000E0
4.721761696E2;5.105084488E1;1.377515492E1;1.183267297E2;4.785186291E0;9.057000732E1;4.719614029E0;3.000000000E0
4.731762216E2;5.105083337E1;1.377523119E1;1.177348166E2;4.403167725E0;9.652639771E1;5.741816521E0;3.000000000E0
4.741762126E2;5.105081805E1;1.377528479E1;1.174090113E2;3.735460758E0;1.077496796E2;5.057697296E0;3.000000000E0
4.751762436E2;5.105080221E1;1.377533767E1;1.171750203E2;3.456880331E0;1.082766953E2;5.057940483E0;3.000000000E0
4.761762756E2;5.105079139E1;1.377537763E1;1.163202576E2;2.539308310E0;1.017049866E2;5.058183193E0;3.000000000E0
4.771763106E2;5.105078905E1;1.377540113E1;1.151870794E2;1.506218791E0;1.001706696E2;5.058424950E0;3.000000000E0
4.781763056E2;5.105078415E1;1.377541107E1;1.142354910E2;6.384897232E-1;1.001706696E2;5.058668137E0;3.000000000E0
4.791763346E2;5.105078732E1;1.377539067E1;1.136455939E2;0.000000000E0;1.001706696E2;5.058909416E0;3.000000000E0
4.801763486E2;5.105078732E1;1.377539067E1;1.130308313E2;0.000000000E0;1.001706696E2;4.473651886E0;3.000000000E0
4.811763576E2;5.105078732E1;1.377539067E1;1.126343129E2;0.000000000E0;1.001706696E2;4.473675728E0;3.000000000E0
4.821764056E2;5.105078732E1;1.377539067E1;1.118294633E2;0.000000000E0;1.001706696E2;4.473700523E0;3.000000000E0
4.831764246E2;5.105078732E1;1.377539067E1;1.117163741E2;0.000000000E0;1.001706696E2;5.740933418E0;3.000000000E0
4.841764246E2;5.105078732E1;1.377539067E1;1.118044087E2;0.000000000E0;1.001706696E2;5.740840912E0;3.000000000E0
4.851765576E2;5.105078732E1;1.377539067E1;1.118346354E2;0.000000000E0;1.001706696E2;5.740748405E0;3.000000000E0
4.861764776E2;5.105078732E1;1.377539067E1;1.118726126E2;0.000000000E0;1.001706696E2;6.599517345E0;3.000000000E0
4.871765136E2;5.105078732E1;1.377539067E1;1.118320873E2;0.000000000E0;1.001706696E2;6.599398136E0;3.000000000E0
4.881765226E2;5.105078732E1;1.377539067E1;1.118958002E2;0.000000000E0;1.001706696E2;6.599279404E0;3.000000000E0
4.891765336E2;5.105078732E1;1.377539067E1;1.120901915E2;0.000000000E0;1.001706696E2;6.599164009E0;3.000000000E0
4.901765646E2;5.105078732E1;1.377539067E1;1.122405553E2;0.000000000E0;1.001706696E2;6.069944382E0;3.000000000E0
4.911766656E2;5.105078732E1;1.377539067E1;1.122703000E2;0.000000000E0;1.001706696E2;6.070044518E0;3.000000000E0
4.921766076E2;5.105078732E1;1.377539067E1;1.123078855E2;0.000000000E0;1.001706696E2;6.070142269E0;3.000000000E0
4.931766336E2;5.105078732E1;1.377539067E1;1.123929839E2;0.000000000E0;1.001706696E2;6.070241928E0;3.000000000E0
4.941766646E2;5.105078732E1;1.377539067E1;1.123548212E2;0.000000000E0;1.001706696E2;6.070338249E0;3.000000000E0
4.951766616E2;5.105078732E1;1.377539067E1;1.124066567E2;0.000000000E0;1.001706696E2;6.070437431E0;3.000000000E0
4.961767066E2;5.105078732E1;1.377539067E1;1.124645119E2;0.000000000E0;1.001706696E2;6.070534706E0;3.000000000E0
4.971767366E2;5.105078732E1;1.377539067E1;1.124984401E2;0.000000000E0;1.001706696E2;6.070632458E0;3.000000000E0
4.981767496E2;5.105078732E1;1.377539067E1;1.125176864E2;0.000000000E0;1.001706696E2;6.070730209E0;3.000000000E0
4.991767696E2;5.105078732E1;1.377539067E1;1.125221454E2;0.000000000E0;1.001706696E2;6.070828438E0;3.000000000E0
5.001767956E2;5.105078732E1;1.377539067E1;1.124987389E2;0.000000000E0;1.001706696E2;6.070924282E0;3.000000000E0
5.011768226E2;5.105078732E1;1.377539067E1;1.124884095E2;0.000000000E0;1.001706696E2;6.071019650E0;3.000000000E0
5.021768226E2;5.105078732E1;1.377539067E1;1.125720068E2;0.000000000E0;1.001706696E2;6.071118355E0;3.000000000E0
5.031768566E2;5.105078732E1;1.377539067E1;1.126744589E2;0.000000000E0;1.001706696E2;6.201314926E0;3.000000000E0
5.041768626E2;5.105078732E1;1.377539067E1;1.127744770E2;0.000000000E0;1.001706696E2;6.201398373E0;3.000000000E0
5.051768916E2;5.105078732E1;1.377539067E1;1.128789579E2;0.000000000E0;1.001706696E2;6.071403503E0;3.000000000E0
5.061769066E2;5.105078732E1;1.377539067E1;1.129311108E2;0.000000000E0;1.001706696E2;6.245158195E0;3.000000000E0
5.071769266E2;5.105078732E1;1.377539067E1;1.129973422E2;0.000000000E0;1.001706696E2;6.245515823E0;3.000000000E0
5.081769346E2;5.105078732E1;1.377539067E1;1.131349757E2;0.000000000E0;1.001706696E2;6.071691990E0;3.000000000E0
5.091769846E2;5.105078732E1;1.377539067E1;1.132696444E2;0.000000000E0;1.001706696E2;5.066098213E0;3.000000000E0
5.101770026E2;5.105078732E1;1.377539067E1;1.134205462E2;0.000000000E0;1.001706696E2;6.071881294E0;3.000000000E0
5.111770046E2;5.105078732E1;1.377539067E1;1.134780033E2;0.000000000E0;1.001706696E2;6.071975231E0;3.000000000E0
5.121770726E2;5.105078732E1;1.377539067E1;1.135621288E2;0.000000000E0;1.001706696E2;6.072067738E0;3.000000000E0
5.131770696E2;5.105078732E1;1.377539067E1;1.137036814E2;0.000000000E0;1.001706696E2;6.072163582E0;3.000000000E0
5.141771016E2;5.105078732E1;1.377539067E1;1.138268046E2;0.000000000E0;1.001706696E2;6.072257042E0;3.000000000E0
5.151770956E2;5.105078732E1;1.377539067E1;1.138347724E2;0.000000000E0;1.001706696E2;6.072350502E0;3.000000000E0
5.161772366E2;5.105078732E1;1.377539067E1;1.138192093E2;0.000000000E0;1.001706696E2;6.072443962E0;3.000000000E0
5.171771806E2;5.105078732E1;1.377539067E1;1.137444713E2;0.000000000E0;1.001706696E2;6.072537422E0;3.000000000E0
5.181771516E2;5.105078732E1;1.377539067E1;1.137432804E2;0.000000000E0;1.001706696E2;6.072629929E0;3.000000000E0
5.191771796E2;5.105078732E1;1.377539067E1;1.136511153E2;0.000000000E0;1.001706696E2;7.021216393E0;3.000000000E0
5.201772066E2;5.105078732E1;1.377539067E1;1.136174757E2;0.000000000E0;1.001706696E2;7.021218300E0;3.000000000E0
5.211772406E2;5.105078732E1;1.377539067E1;1.137086450E2;0.000000000E0;1.001706696E2;7.021226883E0;3.000000000E0
5.221772416E2;5.105078732E1;1.377539067E1;1.136965016E2;0.000000000E0;1.001706696E2;7.021230698E0;3.000000000E0
5.231773056E2;5.105078732E1;1.377539067E1;1.138238428E2;0.000000000E0;1.001706696E2;7.021236420E0;3.000000000E0
5.241772856E2;5.105078732E1;1.377539067E1;1.137288541E2;0.000000000E0;1.001706696E2;7.021243572E0;3.000000000E0
5.251773226E2;5.105078732E1;1.377539067E1;1.137440248E2;0.000000000E0;1.001706696E2;6.073274136E0;3.000000000E0
5.261773356E2;5.105078732E1;1.377539067E1;1.137728055E2;0.000000000E0;1.001706696E2;6.073366165E0;3.000000000E0
5.271773746E2;5.105078732E1;1.377539067E1;1.137573386E2;0.000000000E0;1.001706696E2;6.073456287E0;3.000000000E0
5.281773946E2;5.105078732E1;1.377539067E1;1.137953566E2;0.000000000E0;1.001706696E2;5.736270428E0;3.000000000E0
5.291774056E2;5.105078732E1;1.377539067E1;1.136592586E2;0.000000000E0;1.001706696E2;5.070805550E0;3.000000000E0
5.301774166E2;5.105078732E1;1.377539067E1;1.134219578E2;0.000000000E0;1.001706696E2;5.122428417E0;3.000000000E0
5.311774556E2;5.105078732E1;1.377539067E1;1.132142972E2;0.000000000E0;1.001706696E2;5.071273327E0;3.000000000E0
5.321774926E2;5.105078732E1;1.377539067E1;1.130911450E2;0.000000000E0;1.001706696E2;5.071506500E0;3.000000000E0
5.331774966E2;5.105078732E1;1.377539067E1;1.128737884E2;0.000000000E0;1.001706696E2;6.073996544E0;3.000000000E0
5.341775266E2;5.105078732E1;1.377539067E1;1.127147366E2;0.000000000E0;1.001706696E2;5.071971416E0;3.000000000E0
5.351775216E2;5.105078732E1;1.377539067E1;1.125581727E2;0.000000000E0;1.001706696E2;5.072205067E0;3.000000000E0
5.361775626E2;5.105078732E1;1.377539067E1;1.124140603E2;0.000000000E0;1.001706696E2;5.072436810E0;3.000000000E0
5.371775686E2;5.105078732E1;1.377539067E1;1.122982766E2;0.000000000E0;1.001706696E2;5.072669506E0;3.000000000E0
5.381775896E2;5.105078732E1;1.377539067E1;1.121582069E2;0.000000000E0;1.001706696E2;5.869214535E0;3.000000000E0
5.391776096E2;5.105078732E1;1.377539067E1;1.120588099E2;0.000000000E0;1.001706696E2;5.870109081E0;3.000000000E0
5.401776406E2;5.105078732E1;1.377539067E1;1.120363281E2;0.000000000E0;1.001706696E2;5.871006966E0;3.000000000E0
5.411776926E2;5.105078732E1;1.377539067E1;1.119092182E2;0.000000000E0;1.001706696E2;5.871902466E0;3.000000000E0
5.421776956E2;5.105079037E1;1.377537722E1;1.117673644E2;7.218490839E-1;1.085554199E2;5.073829174E0;3.000000000E0
5.431777036E2;5.105078588E1;1.377541559E1;1.114931500E2;2.138015270E0;1.018919220E2;5.074059963E0;3.000000000E0
5.441777336E2;5.105077244E1;1.377547189E1;1.112883674E2;3.404335499E0;1.051376419E2;5.004215717E0;3.000000000E0
5.451777476E2;5.105075025E1;1.377555347E1;1.111826770E2;4.582373619E0;9.697709656E1;5.074522495E0;3.000000000E0
5.461777776E2;5.105073654E1;1.377563886E1;1.110585226E2;5.527273178E0;9.982622528E1;5.074752808E0;3.000000000E0
5.471777886E2;5.105072134E1;1.377572917E1;1.110939099E2;5.927779675E0;1.079707184E2;5.074982643E0;3.000000000E0
5.481778056E2;5.105069632E1;1.377581571E1;1.111158441E2;6.205760956E0;1.180836411E2;5.126752377E0;3.000000000E0
5.491778546E2;5.105066476E1;1.377589658E1;1.109390933E2;6.232542515E0;1.233773575E2;5.075442791E0;3.000000000E0
5.501778636E2;5.105062812E1;1.377597243E1;1.106270013E2;6.288785458E0;1.264142990E2;5.075671673E0;3.000000000E0
5.511779316E2;5.105059445E1;1.377604960E1;1.106738292E2;6.303021908E0;1.200152893E2;5.075901985E0;3.000000000E0
5.521779346E2;5.105056209E1;1.377613346E1;1.103604352E2;6.304775715E0;1.227655640E2;5.076131821E0;3.000000000E0
5.531779276E2;5.105052835E1;1.377621014E1;1.103395294E2;6.341720104E0;1.255933685E2;5.076360703E0;3.000000000E0
5.541779296E2;5.105048992E1;1.377629189E1;1.103898219E2;6.524416447E0;1.271563873E2;5.076589584E0;3.000000000E0
5.551779526E2;5.105045042E1;1.377637167E1;1.101506373E2;6.565986633E0;1.271908112E2;5.076818943E0;3.000000000E0
5.561779976E2;5.105041201E1;1.377644752E1;1.099701342E2;6.541921616E0;1.274744186E2;5.077047825E0;3.000000000E0
5.571780066E2;5.105037299E1;1.377653168E1;1.102556787E2;6.817351341E0;1.271890945E2;5.077276707E0;3.000000000E0
5.581780336E2;5.105033336E1;1.377661631E1;1.103985070E2;7.007605076E0;1.263622284E2;5.077505112E0;3.000000000E0
5.591780446E2;5.105029289E1;1.377670411E1;1.105848593E2;7.183369160E0;1.256013489E2;5.732460499E0;3.000000000E0
5.601780836E2;5.105025346E1;1.377679264E1;1.108433842E2;7.440628529E0;1.257883987E2;5.566022396E0;3.000000000E0
5.611780896E2;5.105021365E1;1.377688682E1;1.113075799E2;7.544475555E0;1.257736740E2;4.701246262E0;3.000000000E0
5.621781096E2;5.105017576E1;1.377698009E1;1.119894499E2;7.877214909E0;1.269375763E2;4.475262165E0;3.000000000E0
5.631781206E2;5.105013186E1;1.377707247E1;1.122685173E2;7.994293690E0;1.263267822E2;4.475275993E0;3.000000000E0
5.641781846E2;5.105009051E1;1.377716638E1;1.125239489E2;7.935971737E0;1.276448135E2;5.078871727E0;3.000000000E0
5.651781776E2;5.105004957E1;1.377725213E1;1.125819867E2;7.590150833E0;1.265673370E2;4.475303173E0;3.000000000E0
5.661782056E2;5.105000824E1;1.377734227E1;1.126588199E2;7.756116390E0;1.254748611E2;4.475316525E0;3.000000000E0
5.671782326E2;5.104996554E1;1.377744024E1;1.127792850E2;7.793566704E0;1.243040771E2;5.079553127E0;3.000000000E0
5.681782426E2;5.104992639E1;1.377753394E1;1.128667427E2;7.789297581E0;1.250372238E2;4.475342751E0;3.000000000E0
5.691782656E2;5.104988821E1;1.377762660E1;1.129717708E2;7.804082394E0;1.234873505E2;4.475356579E0;3.000000000E0
5.701782986E2;5.104985206E1;1.377771858E1;1.129606790E2;7.698868275E0;1.212551727E2;4.475369453E0;3.000000000E0
5.711783096E2;5.104981697E1;1.377781111E1;1.129420530E2;7.578197002E0;1.224353485E2;4.475382805E0;3.000000000E0
5.721783296E2;5.104977956E1;1.377790197E1;1.130692659E2;7.614771843E0;1.255769348E2;4.475395679E0;3.000000000E0
5.731783576E2;5.104974053E1;1.377798662E1;1.129667032E2;7.567671299E0;1.262504349E2;4.475408077E0;3.000000000E0
5.741783816E2;5.104970076E1;1.377807576E1;1.129457855E2;7.609059334E0;1.240151596E2;4.475421429E0;3.000000000E0
5.751783886E2;5.104965728E1;1.377816427E1;1.125277859E2;7.713611126E0;1.256960373E2;4.475434303E0;3.000000000E0
5.761784276E2;5.104961338E1;1.377825393E1;1.128433108E2;7.659989834E0;1.260903320E2;4.475447178E0;3.000000000E0
5.771784556E2;5.104957580E1;1.377834470E1;1.129595194E2;7.419238091E0;1.235338364E2;4.475459099E0;3.000000000E0
5.781784526E2;5.104953967E1;1.377843809E1;1.127217793E2;7.292019844E0;1.236686859E2;4.475471497E0;3.000000000E0
5.791785136E2;5.104950392E1;1.377852329E1;1.128470938E2;7.117566109E0;1.251586380E2;4.475483418E0;3.000000000E0
5.801784996E2;5.104946556E1;1.377860598E1;1.128133731E2;7.094451904E0;1.261837387E2;4.475496292E0;3.000000000E0
5.811785576E2;5.104943075E1;1.377869198E1;1.124465161E2;7.023611069E0;1.250306549E2;4.475507259E0;3.000000000E0
5.821785346E2;5.104939643E1;1.377877602E1;1.127089289E2;6.895127296E0;1.256394958E2;4.475520611E0;3.000000000E0
5.831785596E2;5.104935926E1;1.377884966E1;1.127711018E2;6.808632851E0;1.272422409E2;4.475532055E0;3.000000000E0
5.841785966E2;5.104932163E1;1.377893853E1;1.124795700E2;6.779400826E0;1.287246094E2;4.475543976E0;3.000000000E0
5.851787096E2;5.104928259E1;1.377901632E1;1.124033181E2;6.585273266E0;1.293191071E2;4.475555897E0;3.000000000E0
5.861786226E2;5.104924332E1;1.377908654E1;1.125105034E2;6.569921017E0;1.296154938E2;4.475567818E0;3.000000000E0
5.871786486E2;5.104920307E1;1.377915808E1;1.125825625E2;6.542872906E0;1.295265961E2;4.475579739E0;3.000000000E0
5.881786746E2;5.104916616E1;1.377922631E1;1.127133151E2;6.364649296E0;1.296951447E2;4.475590706E0;3.000000000E0
5.891787066E2;5.104912991E1;1.377928824E1;1.127360849E2;6.113063812E0;1.244911423E2;4.695424557E0;3.000000000E0
5.901787556E2;5.104910089E1;1.377935458E1;1.128535988E2;5.641018867E0;1.284734039E2;4.475614548E0;3.000000000E0
5.911787356E2;5.104907377E1;1.377941984E1;1.129631006E2;5.268048286E0;1.255128937E2;4.475625038E0;3.000000000E0
5.921787556E2;5.104905574E1;1.377949205E1;1.118268035E2;4.727572918E0;1.057216797E2;4.475636959E0;3.000000000E0
5.931787886E2;5.104905920E1;1.377956832E1;1.110686696E2;4.869666100E0;8.051722717E1;4.694594383E0;3.000000000E0
5.941789476E2;5.104908505E1;1.377962942E1;1.097786804E2;4.465681076E0;5.625687790E1;4.694386005E0;3.000000000E0
5.951788166E2;5.104911589E1;1.377966908E1;1.095249447E2;4.465572357E0;4.443644714E1;5.727449417E0;3.000000000E0
5.961788566E2;5.104915864E1;1.377971261E1;1.097211254E2;4.115417480E0;4.174972153E1;5.727296352E0;3.000000000E0
5.971789286E2;5.104919664E1;1.377974461E1;1.099177772E2;4.515298843E0;4.302923203E1;5.727145672E0;3.000000000E0
5.981788906E2;5.104923664E1;1.377978529E1;1.096528958E2;4.568006992E0;3.720702362E1;5.086493969E0;3.000000000E0
5.991789526E2;5.104927983E1;1.377982204E1;1.098376358E2;4.950784683E0;3.761414337E1;5.086713791E0;3.000000000E0
6.001789336E2;5.104932108E1;1.377986750E1;1.100502775E2;4.891847610E0;3.998751450E1;4.475731850E0;3.000000000E0
6.011789546E2;5.104936072E1;1.377991477E1;1.103643519E2;4.845110416E0;3.844831848E1;4.475743294E0;3.000000000E0
6.021789816E2;5.104939711E1;1.377995807E1;1.105633131E2;4.837942123E0;4.026505280E1;4.475754738E0;3.000000000E0
6.031791956E2;5.104943305E1;1.378000331E1;1.107516631E2;5.001473427E0;4.305846024E1;5.087594509E0;3.000000000E0
6.041790126E2;5.104946937E1;1.378005029E1;1.108118866E2;4.892224312E0;4.433945465E1;6.079655647E0;3.000000000E0
6.051791096E2;5.104950228E1;1.378009030E1;1.111898678E2;4.484690189E0;3.803454208E1;5.282268524E0;3.000000000E0
6.061790786E2;5.104953865E1;1.378012142E1;1.112978294E2;4.350669861E0;3.268550491E1;5.282196045E0;3.000000000E0
6.071790976E2;5.104957152E1;1.378015807E1;1.110838437E2;4.336072445E0;3.236595917E1;6.079872131E0;3.000000000E0
6.081791026E2;5.104960154E1;1.378019811E1;1.110578991E2;3.869163036E0;5.070534134E1;6.079943657E0;3.000000000E0
6.091791326E2;5.104961024E1;1.378024765E1;1.111605260E2;2.461129189E0;8.221737671E1;5.088909149E0;3.000000000E0
6.101791656E2;5.104959432E1;1.378029353E1;1.114857989E2;2.868501663E0;1.184572678E2;4.475842476E0;3.000000000E0
6.121794256E2;5.104956165E1;1.378034159E1;1.114645737E2;0.000000000E0;1.257733154E2;4.475862026E0;3.000000000E0
